Date;Adj Close apple;Adj Close amazon;Adj Close IBM;Adj Close sep 500
31/12/2014;101.41906;310.350006;129.285675;2058.899902
02/01/2015;100.4543;308.519989;130.591095;2058.199951
05/01/2015;97.624336;302.190002;128.53627;2020.579956
06/01/2015;97.633545;295.290009;125.764221;2002.609985
07/01/2015;99.002556;298.420013;124.942291;2025.900024
08/01/2015;102.80648;300.459991;127.657913;2062.139893
09/01/2015;102.916725;296.929993;128.213913;2044.810059
12/01/2015;100.380791;291.410004;126.062386;2028.26001
13/01/2015;101.272049;294.73999;126.360535;2023.030029
14/01/2015;100.886154;293.269989;125.546654;2011.27002
15/01/2015;98.148056;286.950012;124.555489;1992.670044
16/01/2015;97.385445;290.73999;126.626427;2019.420044
20/01/2015;99.893822;289.440002;126.473312;2022.550049
21/01/2015;100.656441;297.25;122.557053;2032.119995
22/01/2015;103.275063;310.320007;125.216255;2063.149902
23/01/2015;103.807991;312.390015;125.603058;2051.820068
26/01/2015;103.918228;309.660004;125.997902;2057.090088
27/01/2015;100.279716;306.75;123.830261;2029.550049
28/01/2015;105.948822;303.910004;122.121933;2002.160034
29/01/2015;109.247391;311.779999;125.28878;2021.25
30/01/2015;107.648643;354.529999;123.540154;1994.98999
02/02/2015;108.999298;364.470001;124.628014;2020.849976
03/02/2015;109.017654;363.549988;127.698143;2050.030029
04/02/2015;109.853806;364.75;126.481407;2041.51001
05/02/2015;110.637886;373.890015;127.246925;2062.52002
06/02/2015;109.7062;374.279999;127.173882;2055.469971
09/02/2015;110.434944;370.559998;126.386787;2046.73999
10/02/2015;112.556557;373;128.667007;2068.590088
11/02/2015;115.194748;375.140015;128.374893;2068.530029
12/02/2015;116.652199;377.170013;128.634552;2088.47998
13/02/2015;117.224121;381.829987;130.160095;2096.98999
17/02/2015;117.915962;375.429993;130.614532;2100.340088
18/02/2015;118.736946;373.369995;131.612671;2099.679932
19/02/2015;118.487869;379;132.992111;2097.449951
20/02/2015;119.456444;383.660004;132.797379;2110.300049
23/02/2015;122.684975;380.140015;132.196899;2109.659912
24/02/2015;121.919357;378.589996;133.754959;2115.47998
25/02/2015;118.801491;385.369995;132.115738;2113.860107
26/02/2015;120.305084;384.799988;130.541504;2110.73999
27/02/2015;118.497116;380.160004;131.40979;2104.5
02/03/2015;119.078239;385.660004;130.225037;2117.389893
03/03/2015;119.327293;384.609985;130.671371;2107.780029
04/03/2015;118.570885;382.720001;129.364853;2098.530029
05/03/2015;116.606094;387.829987;130.79306;2101.040039
06/03/2015;116.781349;380.089996;128.618332;2071.26001
09/03/2015;117.279457;378.559998;130.460358;2079.429932
10/03/2015;114.853432;369.51001;128.058411;2044.160034
11/03/2015;112.759514;366.369995;127.238823;2040.23999
12/03/2015;114.798103;374.23999;128.19635;2065.949951
13/03/2015;114.004791;370.579987;125.193916;2053.399902
16/03/2015;115.259315;373.350006;127.466026;2081.189941
17/03/2015;117.187233;371.920013;127.368652;2074.280029
18/03/2015;118.50631;375.140015;129.681366;2099.5
19/03/2015;117.611565;373.23999;129.681366;2089.27002
20/03/2015;116.135651;378.48999;132.172577;2108.100098
23/03/2015;117.344032;375.109985;133.592651;2104.419922
24/03/2015;116.864365;374.089996;132.269943;2091.5
25/03/2015;113.811096;370.959991;129.186356;2061.050049
26/03/2015;114.604393;367.350006;130.314255;2056.149902
27/03/2015;113.69117;370.559998;130.160095;2061.02002
30/03/2015;116.569206;374.589996;132.002151;2086.23999
31/03/2015;114.779648;372.100006;130.241257;2067.889893
01/04/2015;114.613602;370.26001;129.170105;2059.689941
02/04/2015;115.600616;372.25;130.200714;2066.959961
06/04/2015;117.47319;377.040009;131.490952;2080.620117
07/04/2015;116.237122;374.410004;131.515259;2076.330078
08/04/2015;115.85891;381.200012;131.336777;2081.899902
09/04/2015;116.744446;383.540009;131.734344;2091.179932
10/04/2015;117.242592;382.649994;132.156326;2102.060059
13/04/2015;117.011948;382.359985;131.766861;2092.429932
14/04/2015;116.504623;385.109985;131.701889;2095.840088
15/04/2015;116.94738;383.450012;133.186935;2106.629883
16/04/2015;116.384705;386.040009;132.375427;2104.98999
17/04/2015;115.074821;375.559998;130.379196;2081.179932
20/04/2015;117.703796;389.51001;134.834229;2100.399902
21/04/2015;117.067322;391.179993;133.292389;2097.290039
22/04/2015;118.644707;389.799988;134.185013;2107.959961
23/04/2015;119.613266;389.98999;138.14502;2112.929932
24/04/2015;120.175949;445.100006;137.771729;2117.689941
27/04/2015;122.362091;438.559998;138.542633;2108.919922
28/04/2015;120.434235;429.309998;141.131256;2114.76001
29/04/2015;118.663147;429.369995;141.520706;2106.850098
30/04/2015;115.44381;421.779999;138.99704;2085.51001
01/05/2015;118.949089;422.869995;140.92836;2108.290039
04/05/2015;118.718491;423.040009;141.171768;2114.48999
05/05/2015;116.043396;421.190002;140.4496;2089.459961
06/05/2015;115.314674;419.100006;139.035126;2080.149902
07/05/2015;116.027908;426.880005;140.880661;2088
08/05/2015;118.213974;433.690002;142.273071;2116.100098
11/05/2015;117.009789;432.850006;140.987732;2105.330078
12/05/2015;116.592957;431.019989;140.518127;2099.120117
13/05/2015;116.722656;426.869995;141.943481;2098.47998
14/05/2015;119.445946;432.279999;143.401825;2121.100098
15/05/2015;119.279213;426;142.750931;2122.72998
18/05/2015;120.594551;425.23999;142.586151;2129.199951
19/05/2015;120.483398;421.709991;142.93219;2127.830078
20/05/2015;120.474144;423.859985;143.162903;2125.850098
21/05/2015;121.706139;431.630005;142.816879;2130.820068
22/05/2015;122.77137;427.630005;141.894089;2126.060059
26/05/2015;120.066551;425.470001;140.172104;2104.199951
27/05/2015;122.308205;431.420013;141.712799;2123.47998
28/05/2015;122.067375;426.570007;141.473892;2120.790039
29/05/2015;120.677933;429.230011;139.776627;2107.389893
01/06/2015;120.918762;430.920013;140.213303;2111.72998
02/06/2015;120.381523;430.98999;139.776627;2109.600098
03/06/2015;120.529716;436.589996;139.9991;2114.070068
04/06/2015;119.825737;430.779999;138.730255;2095.840088
05/06/2015;119.168053;426.950012;137.922806;2092.830078
08/06/2015;118.380714;423.5;136.225571;2079.280029
09/06/2015;118.028717;425.480011;136.505692;2080.149902
10/06/2015;119.381111;430.769989;139.175186;2105.199951
11/06/2015;119.112488;432.970001;139.059799;2108.860107
12/06/2015;117.79715;429.920013;137.585007;2094.110107
15/06/2015;117.565575;423.670013;136.983582;2084.429932
16/06/2015;118.195457;427.26001;137.461456;2096.290039
17/06/2015;117.917557;427.809998;137.733337;2100.439941
18/06/2015;118.454803;439.390015;138.623169;2121.23999
19/06/2015;117.269157;434.920013;137.585007;2109.98999
22/06/2015;118.204712;436.290009;138.194702;2122.850098
23/06/2015;117.667465;445.98999;138.927979;2124.199951
24/06/2015;118.66787;440.839996;137.568512;2108.580078
25/06/2015;118.102837;440.100006;136.835251;2102.310059
26/06/2015;117.408104;438.100006;136.324448;2101.48999
29/06/2015;115.351707;429.859985;134.272888;2057.639893
30/06/2015;116.185387;434.089996;134.017487;2063.110107
01/07/2015;117.269157;437.390015;135.525253;2077.419922
02/07/2015;117.120941;437.709991;136.019577;2076.780029
06/07/2015;116.713364;436.040009;135.722961;2068.76001
07/07/2015;116.426216;436.720001;135.945404;2081.340088
08/07/2015;113.536186;429.700012;134.429443;2046.680054
09/07/2015;111.220444;434.390015;134.997955;2051.310059
10/07/2015;114.193848;443.51001;137.552063;2076.620117
13/07/2015;116.398453;455.570007;139.554169;2099.600098
14/07/2015;116.352112;465.570007;138.919754;2108.949951
15/07/2015;117.472946;461.190002;138.853867;2107.399902
16/07/2015;119.038376;475.480011;140.888901;2124.290039
17/07/2015;120.066551;483.01001;142.133011;2126.639893
20/07/2015;122.335999;488.100006;142.718018;2128.280029
21/07/2015;121.113289;488;134.355301;2119.209961
22/07/2015;115.990868;488.269989;132.114258;2114.149902
23/07/2015;115.935295;482.179993;133.251221;2102.149902
24/07/2015;115.323929;529.419983;131.619904;2079.649902
27/07/2015;113.721443;531.409973;131.059631;2067.639893
28/07/2015;114.286491;526.030029;131.867096;2093.25
29/07/2015;113.925224;529;132.723953;2108.570068
30/07/2015;113.350945;536.76001;132.616852;2108.629883
31/07/2015;112.359787;536.150024;133.4655;2103.840088
03/08/2015;109.710579;535.030029;130.763;2098.040039
04/08/2015;106.190651;531.900024;129.848495;2093.320068
05/08/2015;106.89463;537.01001;130.095673;2099.840088
06/08/2015;107.127243;529.460022;129.863037;2083.560059
07/08/2015;107.490135;522.619995;128.866135;2077.570068
10/08/2015;111.398201;524;130.220291;2104.179932
11/08/2015;105.601257;527.460022;129.19017;2084.070068
12/08/2015;107.229599;525.909973;129.730133;2086.050049
13/08/2015;107.145874;529.659973;128.824631;2083.389893
14/08/2015;107.899559;531.52002;129.389542;2091.540039
17/08/2015;109.016144;535.219971;129.854767;2102.439941
18/08/2015;108.402016;535.02002;129.605545;2096.919922
19/08/2015;107.015587;532.919983;127.885857;2079.610107
20/08/2015;104.819656;515.780029;126.822517;2035.72998
21/08/2015;98.408554;494.470001;123.657349;1970.890015
24/08/2015;95.952095;463.369995;119.187912;1893.209961
25/08/2015;96.528969;466.369995;117.10273;1867.609985
26/08/2015;102.065392;500.769989;121.871216;1940.51001
27/08/2015;105.070885;518.369995;123.399788;1987.660034
28/08/2015;105.415154;518.01001;122.934593;1988.869995
31/08/2015;104.922005;512.890015;122.859818;1972.180054
01/09/2015;100.232323;496.540009;118.531601;1913.849976
02/09/2015;104.531181;510.549988;120.500504;1948.859985
03/09/2015;102.69812;504.720001;121.937653;1951.130005
04/09/2015;101.674576;499;119.37896;1921.219971
08/09/2015;104.503265;517.539978;122.311523;1969.410034
09/09/2015;102.493416;516.890015;120.500504;1942.040039
10/09/2015;104.745216;522.23999;121.455856;1952.290039
11/09/2015;106.271194;529.440002;122.427834;1961.050049
14/09/2015;107.294724;521.380005;120.99894;1953.030029
15/09/2015;108.197311;522.369995;122.56076;1978.089966
16/09/2015;108.318291;527.390015;123.29184;1995.310059
17/09/2015;106.00135;538.869995;123.06752;1990.199951
18/09/2015;105.564041;540.26001;120.051872;1958.030029
21/09/2015;107.201698;548.390015;121.688477;1966.969971
22/09/2015;105.517509;538.400024;119.985405;1942.73999
23/09/2015;106.373558;536.070007;119.345726;1938.76001
24/09/2015;107.006294;533.75;119.968819;1932.23999
25/09/2015;106.736458;524.25;120.807861;1931.339966
28/09/2015;104.624237;504.059998;118.398674;1881.77002
29/09/2015;101.479179;496.070007;118.357155;1884.089966
30/09/2015;102.632996;511.890015;120.434021;1920.030029
01/10/2015;101.963036;520.719971;119.287621;1923.819946
02/10/2015;102.707428;532.539978;120.110054;1951.359985
05/10/2015;103.079636;543.679993;123.815155;1987.050049
06/10/2015;103.572777;537.47998;123.59919;1979.920044
07/10/2015;103.079636;541.940002;124.687477;1995.829956
08/10/2015;101.888588;533.159973;126.506828;2013.430054
09/10/2015;104.326485;539.799988;126.598221;2014.890015
12/10/2015;103.842636;550.190002;125.559761;2017.459961
13/10/2015;104.019409;548.900024;124.296997;2003.689941
14/10/2015;102.549255;544.830017;124.620995;1994.23999
15/10/2015;104.084564;562.440002;124.687477;2023.859985
16/10/2015;103.321564;570.76001;124.936691;2033.109985
19/10/2015;103.963593;573.150024;123.964737;2033.660034
20/10/2015;105.861801;560.880005;116.836884;2030.77002
21/10/2015;105.852493;555.77002;117.069458;2018.939941
22/10/2015;107.471558;563.909973;119.702972;2052.51001
23/10/2015;110.802673;599.030029;120.193108;2075.149902
26/10/2015;107.26683;608.609985;119.345726;2071.179932
27/10/2015;106.587563;611.01001;114.527397;2065.889893
28/10/2015;110.979469;617.099976;116.994705;2090.350098
29/10/2015;112.151901;626.549988;116.762123;2089.409912
30/10/2015;111.193504;625.900024;116.371643;2079.360107
02/11/2015;112.756714;628.349976;116.612541;2104.050049
03/11/2015;114.050095;625.309998;117.866997;2109.790039
04/11/2015;113.519714;640.950012;117.659325;2102.310059
05/11/2015;112.996407;655.650024;116.213791;2099.929932
06/11/2015;113.127228;659.369995;115.928696;2099.199951
09/11/2015;112.669365;655.48999;113.463394;2078.580078
10/11/2015;109.11834;659.679993;113.59758;2081.719971
11/11/2015;108.501602;673.25;113.220215;2075
12/11/2015;108.137138;665.599976;111.559891;2045.969971
13/11/2015;104.97863;642.349976;110.47818;2023.040039
16/11/2015;106.698074;647.809998;112.121712;2053.189941
17/11/2015;106.240173;643.299988;112.213982;2050.439941
18/11/2015;109.604263;663.539978;113.891037;2083.580078
19/11/2015;110.996635;661.27002;114.662514;2081.23999
20/11/2015;111.482559;668.450012;116.138321;2089.169922
23/11/2015;110.034142;678.98999;116.104797;2086.590088
24/11/2015;111.090088;671.150024;116.222206;2089.139893
25/11/2015;110.295761;675.340027;115.719078;2088.870117
27/11/2015;110.09021;673.26001;116.104797;2090.110107
30/11/2015;110.548103;664.799988;116.909798;2080.409912
01/12/2015;109.650993;679.059998;118.469505;2102.629883
02/12/2015;108.660454;676.01001;117.144608;2079.51001
03/12/2015;107.65123;666.25;116.490517;2049.620117
04/12/2015;111.230263;672.640015;117.756714;2091.689941
07/12/2015;110.529411;669.830017;117.018822;2077.070068
08/12/2015;110.482658;677.330017;115.761032;2063.590088
09/12/2015;108.043701;664.789978;114.553497;2047.619995
10/12/2015;108.557663;662.320007;114.696045;2052.22998
11/12/2015;105.763588;640.150024;112.842873;2012.369995
14/12/2015;105.109451;657.909973;113.983284;2021.939941
15/12/2015;103.24987;658.640015;115.542961;2043.410034
16/12/2015;104.044151;675.77002;116.800797;2073.070068
17/12/2015;101.838814;670.650024;114.670891;2041.890015
18/12/2015;99.082115;664.140015;113.119591;2005.550049
21/12/2015;100.296921;664.51001;113.622726;2021.150024
22/12/2015;100.203491;663.150024;115.660362;2038.969971
23/12/2015;101.49305;663.700012;116.171867;2064.290039
24/12/2015;100.951057;662.789978;115.928696;2060.98999
28/12/2015;99.820358;675.200012;115.392029;2056.5
29/12/2015;101.614525;693.969971;117.211693;2078.360107
30/12/2015;100.287575;689.070007;116.842735;2063.360107
31/12/2015;98.362572;675.890015;115.400429;2043.939941
04/01/2016;98.446655;636.98999;114.000061;2012.660034
05/01/2016;95.979675;633.789978;113.916214;2016.709961
06/01/2016;94.101387;632.650024;113.345993;1990.26001
07/01/2016;90.129868;607.940002;111.408966;1943.089966
08/01/2016;90.606438;607.049988;110.377556;1922.030029
11/01/2016;92.073563;617.73999;111.719208;1923.670044
12/01/2016;93.409874;617.890015;111.442497;1938.680054
13/01/2016;91.00827;581.809998;109.991806;1890.280029
14/01/2016;92.998695;593;111.450897;1921.839966
15/01/2016;90.765305;570.179993;109.035858;1880.329956
19/01/2016;90.326103;574.47998;107.42588;1881.329956
20/01/2016;90.447578;571.77002;102.184975;1859.329956
21/01/2016;89.9897;575.02002;103.065445;1868.98999
22/01/2016;94.7742;596.380005;102.721649;1906.900024
25/01/2016;92.923958;596.530029;102.369446;1877.079956
26/01/2016;93.437889;601.25;102.797119;1903.630005
27/01/2016;87.298416;583.349976;101.430283;1882.949951
28/01/2016;87.9245;635.349976;102.486847;1893.359985
29/01/2016;90.961533;587;104.641907;1940.23999
01/02/2016;90.111168;574.809998;104.675453;1939.380005
02/02/2016;88.288963;552.099976;103.090622;1903.030029
03/02/2016;90.036423;531.070007;104.583214;1912.530029
04/02/2016;90.759865;536.26001;107.040138;1915.449951
05/02/2016;88.335838;502.130005;107.811607;1880.050049
08/02/2016;89.266014;488.100006;107.565948;1853.439941
09/02/2016;89.247223;482.070007;105.100845;1852.209961
10/02/2016;88.570732;490.480011;101.814072;1851.859985
11/02/2016;88.035179;503.820007;99.831833;1829.079956
12/02/2016;88.307655;507.079987;102.534111;1864.780029
16/02/2016;90.79744;521.099976;103.974182;1895.579956
17/02/2016;92.187965;534.099976;106.82048;1926.819946
18/02/2016;90.44043;525;112.199631;1917.829956
19/02/2016;90.233719;534.900024;112.733299;1917.780029
22/02/2016;91.022934;559.5;113.317825;1945.5
23/02/2016;88.965324;552.940002;112.157272;1921.27002
24/02/2016;90.290085;554.039978;112.496109;1929.800049
25/02/2016;90.910202;555.150024;113.936211;1951.699951
26/02/2016;91.051132;555.22998;111.843842;1948.050049
29/02/2016;90.844444;552.52002;110.996735;1932.22998
01/03/2016;94.452271;579.039978;113.826073;1978.349976
02/03/2016;94.658974;580.210022;115.460983;1986.449951
03/03/2016;95.36364;577.48999;116.731636;1993.400024
04/03/2016;96.782341;575.140015;116.731636;1999.98999
07/03/2016;95.711258;562.799988;118.722374;2001.76001
08/03/2016;94.92205;560.26001;117.807487;1979.26001
09/03/2016;95.006615;559.469971;118.942619;1989.26001
10/03/2016;95.053589;558.929993;118.756264;1989.569946
11/03/2016;96.077667;569.609985;120.594482;2022.189941
14/03/2016;96.32196;573.369995;120.950256;2019.640015
15/03/2016;98.257431;577.02002;121.102745;2015.930054
16/03/2016;99.563393;574.27002;122.652969;2027.219971
17/03/2016;99.403671;559.440002;124.558945;2040.589966
18/03/2016;99.516403;552.080017;124.601311;2049.580078
21/03/2016;99.507019;553.97998;125.905861;2051.600098
22/03/2016;100.268051;560.47998;125.456879;2049.800049
23/03/2016;99.713692;569.630005;123.169685;2036.709961
24/03/2016;99.281532;582.950012;125.329811;2035.939941
28/03/2016;98.830544;579.869995;125.711014;2037.050049
29/03/2016;101.170006;593.859985;126.498848;2055.01001
30/03/2016;102.936356;598.690002;125.71949;2063.949951
31/03/2016;102.400795;593.640015;128.294724;2059.73999
01/04/2016;103.340347;598.5;129.201111;2072.780029
04/04/2016;104.402031;593.190002;128.819885;2066.129883
05/04/2016;103.171249;586.140015;127.06636;2045.170044
06/04/2016;104.251701;602.080017;127.083336;2066.659912
07/04/2016;101.978004;591.429993;125.583961;2041.910034
08/04/2016;102.090752;594.599976;126.515793;2047.599976
11/04/2016;102.428986;595.929993;126.431038;2041.98999
12/04/2016;103.763138;603.169983;126.752937;2061.719971
13/04/2016;105.266418;614.820007;128.108322;2082.419922
14/04/2016;105.322792;620.75;128.049042;2082.780029
15/04/2016;103.208817;625.890015;128.523407;2080.72998
18/04/2016;100.982109;635.349976;129.209564;2094.340088
19/04/2016;100.446556;627.900024;121.983757;2100.800049
20/04/2016;100.653252;632.98999;123.771149;2102.399902
21/04/2016;99.563393;631;126.473419;2091.47998
22/04/2016;99.290916;620.5;125.795723;2091.580078
25/04/2016;98.727196;626.200012;126.058365;2087.790039
26/04/2016;98.041336;616.880005;126.287056;2091.699951
27/04/2016;91.906113;606.570007;127.464546;2095.149902
28/04/2016;89.096878;602;124.584389;2075.810059
29/04/2016;88.072762;659.590027;123.627121;2065.300049
02/05/2016;87.978806;683.849976;123.059578;2081.429932
03/05/2016;89.425705;671.320007;122.093864;2063.370117
04/05/2016;88.495567;670.900024;122.195534;2051.120117
05/05/2016;88.136368;659.090027;124.076088;2050.629883
06/05/2016;87.644852;673.950012;125.974808;2057.139893
09/05/2016;87.711006;679.75;127.226906;2058.689941
10/05/2016;88.306511;703.070007;129.497879;2084.389893
11/05/2016;87.446327;713.22998;128.617081;2064.459961
12/05/2016;85.395096;717.929993;128.522141;2064.110107
13/05/2016;85.565239;709.919983;127.555;2046.609985
16/05/2016;88.741341;710.659973;129.057495;2066.659912
17/05/2016;88.372688;695.27002;127.796799;2047.209961
18/05/2016;89.384109;697.450012;127.226906;2047.630005
19/05/2016;89.043816;698.52002;125.145859;2040.040039
20/05/2016;90.007996;702.799988;127.149193;2052.320068
23/05/2016;91.151764;696.75;126.734673;2048.040039
24/05/2016;92.541298;704.200012;128.064468;2076.060059
25/05/2016;94.167145;708.349976;130.983078;2090.540039
26/05/2016;94.91391;714.909973;131.630722;2090.100098
27/05/2016;94.857185;712.23999;131.976089;2099.060059
31/05/2016;94.39402;722.789978;132.753265;2096.949951
01/06/2016;93.070633;719.440002;131.691147;2099.330078
02/06/2016;92.371155;728.23999;132.54599;2105.26001
03/06/2016;92.560196;725.539978;132.019272;2099.129883
06/06/2016;93.231331;726.72998;131.881119;2109.409912
07/06/2016;93.609444;723.73999;132.399216;2112.129883
08/06/2016;93.524368;726.640015;132.977722;2119.120117
09/06/2016;94.195511;727.650024;132.476898;2115.47998
10/06/2016;93.420403;717.909973;131.570251;2096.070068
13/06/2016;92.01194;715.23999;130.629028;2079.060059
14/06/2016;92.125389;719.299988;130.439087;2075.320068
15/06/2016;91.822899;714.26001;130.110947;2071.5
16/06/2016;92.210464;717.51001;130.439087;2077.98999
17/06/2016;90.111977;706.390015;131.242126;2071.219971
20/06/2016;89.894562;714.01001;132.640991;2083.25
21/06/2016;90.660217;715.820007;133.02092;2088.899902
22/06/2016;90.319923;710.599976;132.045181;2085.449951
23/06/2016;90.839828;722.080017;134.143448;2113.320068
24/06/2016;88.287621;698.960022;126.579269;2037.410034
27/06/2016;87.002052;691.359985;123.911095;2000.540039
28/06/2016;88.467209;707.950012;125.810753;2036.089966
29/06/2016;89.232864;715.599976;128.19397;2070.77002
30/06/2016;90.367195;715.619995;131.060806;2098.860107
01/07/2016;90.641319;725.679993;131.552994;2102.949951
05/07/2016;89.790573;728.099976;130.974426;2088.550049
06/07/2016;90.301018;737.609985;131.570251;2099.72998
07/07/2016;90.688583;736.570007;131.76886;2097.899902
08/07/2016;91.388084;745.809998;133.374954;2129.899902
11/07/2016;91.671654;753.780029;134.126205;2137.159912
12/07/2016;92.087578;748.210022;135.602753;2152.139893
13/07/2016;91.56768;742.630005;136.44899;2152.429932
14/07/2016;93.382576;741.200012;138.400467;2163.75
15/07/2016;93.373138;735.440002;137.968735;2161.73999
18/07/2016;94.365654;736.070007;138.037811;2166.889893
19/07/2016;94.403473;739.950012;137.796021;2163.780029
20/07/2016;94.488556;745.719971;139.333054;2173.02002
21/07/2016;93.987556;744.429993;138.547272;2165.169922
22/07/2016;93.259705;744.859985;139.946106;2175.030029
25/07/2016;92.01194;739.609985;140.446945;2168.47998
26/07/2016;91.378624;735.590027;139.989288;2169.179932
27/07/2016;97.314865;736.669983;139.738892;2166.580078
28/07/2016;98.628769;752.609985;139.34166;2170.060059
29/07/2016;98.50592;758.809998;138.694046;2173.600098
01/08/2016;100.245193;767.73999;139.410782;2170.840088
02/08/2016;98.761139;760.580017;138.659531;2157.030029
03/08/2016;99.999428;754.640015;138.737213;2163.790039
04/08/2016;100.617188;760.77002;139.497101;2164.25
05/08/2016;102.147301;765.97998;141.180939;2182.870117
08/08/2016;102.993134;766.559998;141.128662;2180.889893
09/08/2016;103.411293;768.309998;140.893509;2181.73999
10/08/2016;102.641495;768.559998;141.163483;2175.48999
11/08/2016;102.574959;771.23999;142.426376;2185.790039
12/08/2016;102.812553;772.559998;141.050262;2184.050049
15/08/2016;104.048073;768.48999;140.989304;2190.149902
16/08/2016;103.953026;764.039978;139.961578;2178.149902
17/08/2016;103.800949;764.630005;139.735153;2182.219971
18/08/2016;103.667908;764.460022;140.536407;2187.02002
19/08/2016;103.934013;757.309998;139.386749;2183.870117
22/08/2016;103.126198;759.47998;139.351929;2182.639893
23/08/2016;103.449318;762.450012;139.578369;2186.899902
24/08/2016;102.670006;757.25;138.524521;2175.439941
25/08/2016;102.232841;759.219971;138.158737;2172.469971
26/08/2016;101.634079;769;137.888733;2169.040039
29/08/2016;101.520035;771.289978;139.108047;2180.379883
30/08/2016;100.740738;767.580017;138.829346;2176.120117
31/08/2016;100.835762;769.159973;138.376465;2170.949951
01/09/2016;101.434509;770.619995;138.951309;2170.860107
02/09/2016;102.384895;772.440002;138.960007;2179.97998
06/09/2016;102.356369;788.869995;139.656754;2186.47998
07/09/2016;102.983627;784.47998;140.780289;2186.159912
08/09/2016;100.284531;784.059998;138.480972;2181.300049
09/09/2016;98.013115;760.140015;135.598129;2127.810059
12/09/2016;100.208519;771.48999;137.862595;2159.040039
13/09/2016;102.593964;761.01001;135.702637;2127.02002
14/09/2016;106.224449;761.090027;134.169785;2125.77002
15/09/2016;109.835899;769.690002;135.572021;2147.26001
16/09/2016;109.218155;778.52002;133.986862;2139.159912
19/09/2016;107.944641;775.099976;134.883957;2139.120117
20/09/2016;107.935127;780.219971;134.518143;2139.76001
21/09/2016;107.916115;789.73999;135.458801;2163.120117
22/09/2016;108.933044;804.700012;135.963943;2177.179932
23/09/2016;107.117805;805.75;134.979752;2164.689941
26/09/2016;107.279366;799.159973;134.108795;2146.100098
27/09/2016;107.478943;816.109985;136.538773;2159.929932
28/09/2016;108.29628;828.719971;137.862595;2171.370117
29/09/2016;106.614113;829.049988;137.705841;2151.129883
30/09/2016;107.440933;837.309998;138.350357;2168.27002
03/10/2016;106.93721;836.73999;137.27037;2161.199951
04/10/2016;107.39341;834.030029;136.268784;2150.48999
05/10/2016;107.440933;844.359985;136.808762;2159.72998
06/10/2016;108.23925;841.659973;136.634567;2160.77002
07/10/2016;108.400818;839.429993;135.580704;2153.73999
10/10/2016;110.292084;841.710022;136.75647;2163.659912
11/10/2016;110.529694;831;134.81427;2136.72998
12/10/2016;111.518074;834.090027;134.378799;2139.179932
13/10/2016;111.175941;829.280029;133.882355;2132.550049
14/10/2016;111.793686;822.960022;134.518143;2132.97998
17/10/2016;111.717659;812.950012;134.796875;2126.5
18/10/2016;111.641632;817.650024;131.269516;2139.600098
19/10/2016;111.309006;817.690002;131.739838;2144.290039
20/10/2016;111.251968;810.320007;131.966278;2141.340088
21/10/2016;110.814804;818.98999;130.32016;2141.159912
24/10/2016;111.812714;838.090027;131.13887;2151.330078
25/10/2016;112.382919;835.179993;131.408859;2143.159912
26/10/2016;109.854904;822.590027;132.218857;2139.429932
27/10/2016;108.79998;818.359985;133.56012;2133.040039
28/10/2016;108.077698;776.320007;132.915604;2126.409912
31/10/2016;107.906609;789.820007;133.856232;2126.149902
01/11/2016;105.958328;785.409973;133.072357;2111.719971
02/11/2016;106.05336;765.559998;132.340775;2097.939941
03/11/2016;104.916626;767.030029;132.706558;2088.659912
04/11/2016;103.970886;755.049988;132.75885;2085.179932
07/11/2016;105.470665;784.929993;135.624283;2131.52002
08/11/2016;106.091583;787.75;136.371292;2139.560059
09/11/2016;105.91964;771.880005;136.054886;2163.26001
10/11/2016;102.96788;742.380005;140.809479;2167.47998
11/11/2016;103.579254;739.01001;141.732315;2164.449951
14/11/2016;100.980919;719.070007;139.042984;2164.199951
15/11/2016;102.318291;743.23999;139.44725;2180.389893
16/11/2016;105.06945;746.48999;139.992111;2176.939941
17/11/2016;105.031227;756.400024;140.440353;2187.120117
18/11/2016;105.136322;760.159973;140.958908;2181.899902
21/11/2016;106.731606;780;143.050552;2198.179932
22/11/2016;106.798477;785.330017;142.962662;2202.939941
23/11/2016;106.253975;780.119995;142.356247;2204.719971
25/11/2016;106.788933;780.369995;143.375748;2213.350098
28/11/2016;106.578766;766.77002;144.588531;2201.719971
29/11/2016;106.473701;762.52002;143.718475;2204.659912
30/11/2016;105.575737;750.570007;142.567184;2198.810059
01/12/2016;104.591812;743.650024;140.457947;2191.080078
02/12/2016;104.983475;740.340027;140.633728;2191.949951
05/12/2016;104.228821;759.359985;140.47554;2204.709961
06/12/2016;105.031227;764.719971;140.923737;2212.22998
07/12/2016;106.062927;770.419983;144.825836;2241.350098
08/12/2016;107.104172;767.330017;145.326752;2246.189941
09/12/2016;108.852295;768.659973;146.346252;2259.530029
12/12/2016;108.231384;760.119995;145.449799;2256.959961
13/12/2016;110.036827;774.340027;147.90181;2271.719971
14/12/2016;110.036827;768.820007;148.095154;2253.280029
15/12/2016;110.638626;761;147.664536;2262.030029
16/12/2016;110.781929;757.77002;146.530807;2258.070068
19/12/2016;111.421944;766;146.486847;2262.530029
20/12/2016;111.718086;771.219971;147.295425;2270.76001
21/12/2016;111.823174;770.599976;147.058105;2265.179932
22/12/2016;111.087608;766.340027;146.820786;2260.959961
23/12/2016;111.30732;760.590027;146.513245;2263.790039
27/12/2016;112.014214;771.400024;146.891113;2268.879883
28/12/2016;111.536598;772.130005;146.056213;2249.919922
29/12/2016;111.507927;765.150024;146.416534;2249.26001
30/12/2016;110.638626;749.869995;145.880447;2238.830078
03/01/2017;110.953873;753.669983;146.935089;2257.830078
04/01/2017;110.829704;757.179993;148.754303;2270.75
05/01/2017;111.393303;780.450012;148.262131;2269
06/01/2017;112.635139;795.98999;148.991577;2276.97998
09/01/2017;113.666824;796.919983;147.33934;2268.899902
10/01/2017;113.781464;795.900024;145.467392;2268.899902
11/01/2017;114.392822;799.02002;147.427216;2275.320068
12/01/2017;113.915184;813.640015;147.603027;2270.439941
13/01/2017;113.714584;817.140015;147.066895;2274.639893
17/01/2017;114.631653;809.719971;147.550262;2267.889893
18/01/2017;114.622086;807.47998;146.5923;2271.889893
19/01/2017;114.421486;809.039978;146.601105;2263.689941
20/01/2017;114.631653;808.330017;149.888;2271.310059
23/01/2017;114.708061;817.880005;150.309875;2265.199951
24/01/2017;114.602982;822.440002;154.589859;2280.070068
25/01/2017;116.427536;836.52002;156.690292;2298.370117
26/01/2017;116.484856;839.150024;157.015472;2296.679932
27/01/2017;116.494415;835.77002;155.820236;2294.689941
30/01/2017;116.188705;830.380005;154.502014;2280.899902
31/01/2017;115.921227;823.47998;153.37706;2278.870117
01/02/2017;122.990189;832.349976;153.174896;2279.550049
02/02/2017;122.780045;839.950012;153.429794;2280.850098
03/02/2017;123.305435;810.200012;154.519547;2297.419922
06/02/2017;124.461311;807.640015;154.554672;2292.560059
07/02/2017;125.645805;812.5;156.839737;2293.080078
08/02/2017;126.133018;819.710022;156.051361;2294.669922
09/02/2017;127.044449;821.359985;156.972626;2307.870117
10/02/2017;126.756615;827.460022;158.274704;2316.100098
13/02/2017;127.879105;836.530029;158.87706;2328.25
14/02/2017;129.53891;836.390015;159.559113;2337.580078
15/02/2017;130.009018;842.700012;160.932114;2349.25
16/02/2017;129.855499;844.140015;160.710632;2347.219971
17/02/2017;130.210526;845.070007;160.037445;2351.159912
21/02/2017;131.150726;856.440002;159.674301;2365.379883
22/02/2017;131.544052;855.609985;160.462631;2362.820068
23/02/2017;130.98761;852.190002;160.905563;2363.810059
24/02/2017;131.11235;845.23999;160.639801;2367.340088
27/02/2017;131.371368;848.640015;158.912476;2369.75
28/02/2017;131.428955;845.039978;159.284531;2363.639893
01/03/2017;134.11528;853.080017;161.171295;2395.959961
02/03/2017;133.318939;848.909973;159.913452;2381.919922
03/03/2017;134.105652;849.880005;159.488251;2383.120117
06/03/2017;133.683517;846.609985;159.860321;2375.310059
07/03/2017;133.856232;846.02002;159.780579;2368.389893
08/03/2017;133.357315;850.5;158.956772;2362.97998
09/03/2017;133.050323;853;156.946014;2364.870117
10/03/2017;133.491669;852.460022;157.52179;2372.600098
13/03/2017;133.549194;854.590027;156.308243;2373.469971
14/03/2017;133.347763;852.530029;155.65274;2365.449951
15/03/2017;134.758087;852.969971;155.732468;2385.26001
16/03/2017;134.978714;853.419983;156.99913;2381.379883
17/03/2017;134.307159;852.309998;155.590759;2378.25
20/03/2017;135.717484;856.969971;155.63504;2373.469971
21/03/2017;134.163223;843.200012;154.022888;2344.02002
22/03/2017;135.679092;848.059998;154.820114;2348.449951
23/03/2017;135.199371;847.380005;154.85556;2345.959961
24/03/2017;134.930756;845.609985;153.978592;2343.97998
27/03/2017;135.161026;846.820007;153.925446;2341.590088
28/03/2017;137.962479;856;154.580917;2358.570068
29/03/2017;138.269485;874.320007;154.076035;2361.129883
30/03/2017;138.087189;876.340027;154.005157;2368.060059
31/03/2017;137.828171;886.539978;154.253174;2362.719971
03/04/2017;137.866547;891.51001;154.572067;2358.840088
04/04/2017;138.893127;906.830017;154.589798;2360.159912
05/04/2017;138.173553;909.280029;153.13707;2352.949951
06/04/2017;137.828171;898.280029;152.75618;2357.48999
07/04/2017;137.521149;894.880005;152.481598;2355.540039
10/04/2017;137.358063;907.039978;151.648926;2357.159912
11/04/2017;135.880585;902.359985;151.099762;2353.780029
12/04/2017;136.043655;896.22998;151.170578;2344.929932
13/04/2017;135.324158;884.669983;150.169647;2328.949951
17/04/2017;136.072449;901.98999;151.560349;2349.01001
18/04/2017;135.468033;903.780029;150.63028;2342.189941
19/04/2017;134.969116;899.200012;143.22496;2338.169922
20/04/2017;136.657715;902.059998;143.76532;2355.840088
21/04/2017;136.494598;898.530029;142.064575;2348.689941
24/04/2017;137.809006;907.409973;142.392303;2374.149902
25/04/2017;138.662857;907.619995;142.073471;2388.610107
26/04/2017;137.847351;909.289978;141.781113;2387.449951
27/04/2017;137.952866;918.380005;142.011444;2388.77002
28/04/2017;137.818558;924.98999;141.984848;2384.199951
01/05/2017;140.629639;948.22998;140.700439;2388.330078
02/05/2017;141.521896;946.940002;140.930756;2391.169922
03/05/2017;141.090149;941.030029;140.51442;2388.129883
04/05/2017;140.58165;937.530029;140.886459;2389.52002
05/05/2017;142.91301;934.150024;137.343262;2399.290039
08/05/2017;146.798615;949.039978;136.878128;2399.379883
09/05/2017;147.7388;952.820007;136.055237;2396.919922
10/05/2017;147.038467;948.950012;135.286041;2399.629883
11/05/2017;148.310089;947.619995;134.749359;2394.439941
12/05/2017;150.381317;961.349976;134.498901;2390.899902
15/05/2017;149.995987;957.969971;135.518585;2402.320068
16/05/2017;149.774414;966.070007;137.459534;2400.669922
17/05/2017;144.745636;944.76001;134.999786;2357.030029
18/05/2017;146.951736;958.48999;134.865631;2365.719971
19/05/2017;147.452682;959.840027;135.938995;2381.72998
22/05/2017;148.348648;970.669983;136.529312;2394.02002
23/05/2017;148.165573;971.539978;135.983704;2398.419922
24/05/2017;147.722443;980.349976;136.41304;2404.389893
25/05/2017;148.232986;993.380005;137.030212;2415.070068
26/05/2017;147.982559;995.780029;136.395142;2415.820068
30/05/2017;148.040359;996.700012;135.715332;2412.909912
31/05/2017;147.163681;994.619995;136.520401;2411.800049
01/06/2017;147.568298;995.950012;136.556152;2430.060059
02/06/2017;149.755157;1006.72998;136.001572;2439.070068
05/06/2017;148.290817;1011.340027;136.323608;2436.100098
06/06/2017;148.791779;1003;136.287796;2429.330078
07/06/2017;149.67807;1010.070007;135.044525;2433.139893
08/06/2017;149.311996;1010.27002;136.046295;2433.790039
09/06/2017;143.522141;978.309998;137.83522;2431.77002
12/06/2017;140.09259;964.909973;138.801208;2429.389893
13/06/2017;141.219742;980.789978;137.969391;2440.350098
14/06/2017;139.842133;976.469971;137.575821;2437.919922
15/06/2017;139.003952;964.169983;137.942535;2432.459961
16/06/2017;137.057983;987.710022;138.980118;2433.149902
19/06/2017;140.978882;995.169983;138.497116;2453.459961
20/06/2017;139.697601;992.590027;138.595505;2437.030029
21/06/2017;140.526093;1002.22998;137.557922;2435.610107
22/06/2017;140.294922;1001.299988;138.103546;2434.5
23/06/2017;140.921082;1003.73999;137.844162;2438.300049
26/06/2017;140.477951;993.97998;138.845947;2439.070068
27/06/2017;138.464493;976.780029;138.416595;2419.379883
28/06/2017;140.487579;990.330017;138.926468;2440.689941
29/06/2017;138.416321;975.929993;137.862076;2419.699951
30/06/2017;138.743896;968;137.593719;2423.409912
03/07/2017;138.242905;953.659973;139.158981;2429.01001
05/07/2017;138.81131;971.400024;137.450592;2432.540039
06/07/2017;137.501144;965.140015;136.278885;2409.75
07/07/2017;138.89801;978.76001;136.797668;2425.179932
10/07/2017;139.745758;996.469971;137.226974;2427.429932
11/07/2017;140.198547;994.130005;137.021271;2425.530029
12/07/2017;140.400864;1006.51001;137.477432;2443.25
13/07/2017;142.356522;1000.630005;137.414841;2447.830078
14/07/2017;143.579956;1001.809998;137.960449;2459.27002
17/07/2017;144.080887;1010.039978;136.86026;2459.139893
18/07/2017;144.581879;1024.449951;137.745743;2460.610107
19/07/2017;145.487427;1026.869995;131.958633;2473.830078
20/07/2017;144.832336;1028.699951;132.074936;2473.449951
21/07/2017;144.764908;1025.670044;131.556152;2472.540039
24/07/2017;146.51825;1038.949951;130.581238;2469.909912
25/07/2017;147.144424;1039.869995;130.760117;2477.129883
26/07/2017;147.838058;1052.800049;130.017685;2477.830078
27/07/2017;145.044281;1046;129.758331;2475.419922
28/07/2017;144.023117;1020.039978;129.060623;2472.100098
31/07/2017;143.281311;987.780029;129.400513;2470.300049
01/08/2017;144.552963;996.190002;129.964035;2476.350098
02/08/2017;151.383224;995.890015;129.203735;2477.570068
03/08/2017;149.870743;986.919983;129.642029;2472.159912
04/08/2017;150.660721;987.580017;129.838821;2476.830078
07/08/2017;152.992065;992.27002;128.327164;2480.909912
08/08/2017;154.21553;989.840027;128.453735;2474.919922
09/08/2017;155.159607;982.01001;128.146408;2474.02002
10/08/2017;150.217499;956.919983;128.209641;2438.209961
11/08/2017;152.306549;967.98999;128.209641;2441.320068
14/08/2017;154.598694;983.299988;128.643555;2465.840088
15/08/2017;156.291183;982.73999;128.417603;2464.610107
16/08/2017;155.662521;978.179993;128.806244;2468.110107
17/08/2017;152.674057;960.570007;127.179214;2430.01001
18/08/2017;152.325897;958.469971;126.27533;2425.550049
21/08/2017;152.045425;953.289978;126.844757;2428.370117
22/08/2017;154.530991;966.900024;127.459419;2452.51001
23/08/2017;154.724396;958;128.480835;2444.040039
24/08/2017;154.037735;952.450012;129.203949;2438.969971
25/08/2017;154.608353;945.26001;129.927078;2443.050049
28/08/2017;156.165451;946.02002;128.815277;2444.23999
29/08/2017;157.558167;954.059998;129.38475;2446.300049
30/08/2017;157.983704;967.590027;128.860489;2457.590088
31/08/2017;158.61235;980.599976;129.285309;2471.649902
01/09/2017;158.660706;978.25;130.234421;2476.550049
05/09/2017;156.755432;965.27002;129.294357;2457.850098
06/09/2017;156.590988;967.799988;129.99942;2465.540039
07/09/2017;155.962341;979.469971;129.167801;2465.100098
08/09/2017;153.418777;965.900024;128.761063;2461.429932
11/09/2017;156.194489;977.960022;130.939438;2488.110107
12/09/2017;155.575516;982.580017;131.752945;2496.47998
13/09/2017;154.405258;999.599976;131.960892;2498.370117
14/09/2017;153.080246;992.210022;131.554123;2495.620117
15/09/2017;154.627701;986.789978;130.903305;2500.22998
18/09/2017;153.457443;974.190002;130.659241;2503.870117
19/09/2017;153.515472;969.859985;130.514618;2506.649902
20/09/2017;150.942871;973.210022;131.861435;2508.23999
21/09/2017;148.350891;964.650024;131.301041;2500.600098
22/09/2017;146.900177;955.099976;131.183517;2502.219971
25/09/2017;145.604202;939.789978;131.852371;2496.659912
26/09/2017;148.109116;938.599976;132.476105;2496.840088
27/09/2017;149.1633;950.869995;131.662598;2507.040039
28/09/2017;148.244507;956.400024;131.662598;2510.060059
29/09/2017;149.0569;961.349976;131.138336;2519.360107
02/10/2017;148.757111;959.190002;132.566498;2529.120117
03/10/2017;149.405106;957.099976;132.674942;2534.580078
04/10/2017;148.437958;965.450012;132.403793;2537.73999
05/10/2017;150.285172;980.849976;132.620728;2552.070068
06/10/2017;150.198135;989.580017;132.403793;2549.330078
09/10/2017;150.720398;990.98999;133.226334;2544.72998
10/10/2017;150.778427;987.200012;134.22966;2550.639893
11/10/2017;151.407104;995;133.434235;2555.23999
12/10/2017;150.875168;1000.929993;132.90094;2550.929932
13/10/2017;151.832642;1002.940002;132.964203;2553.169922
16/10/2017;154.627701;1006.340027;132.720139;2557.639893
17/10/2017;155.198318;1009.130005;132.458023;2559.360107
18/10/2017;154.511642;997;144.199722;2561.26001
19/10/2017;150.855804;986.609985;145.438065;2562.100098
20/10/2017;151.116959;982.909973;146.495621;2575.209961
23/10/2017;151.039581;966.299988;144.217819;2564.97998
24/10/2017;151.939011;975.900024;140.900467;2569.129883
25/10/2017;151.271683;972.909973;138.749176;2557.149902
26/10/2017;152.238815;972.429993;138.839584;2560.399902
27/10/2017;157.693542;1100.949951;138.91188;2581.070068
30/10/2017;161.242996;1110.849976;139.526535;2572.830078
31/10/2017;163.486755;1105.280029;139.255371;2575.26001
01/11/2017;161.407394;1103.680054;139.228271;2579.360107
02/11/2017;162.587326;1094.219971;138.613602;2579.850098
03/11/2017;166.833115;1111.599976;137.013687;2587.840088
06/11/2017;168.52562;1120.660034;136.344788;2591.129883
07/11/2017;169.067215;1123.170044;136.805771;2590.639893
08/11/2017;170.450256;1132.880005;137.004639;2594.379883
09/11/2017;170.102097;1129.130005;137.21463;2584.620117
10/11/2017;169.539093;1125.349976;136.173874;2582.300049
13/11/2017;168.859665;1129.170044;135.480026;2584.840088
14/11/2017;166.3069;1136.839966;135.927414;2578.870117
15/11/2017;164.113281;1126.689941;134.293228;2564.620117
16/11/2017;166.073975;1137.290039;136.137344;2585.639893
17/11/2017;165.151871;1129.880005;136.000412;2578.850098
20/11/2017;164.986893;1126.310059;137.406342;2582.139893
21/11/2017;168.054031;1139.48999;138.720947;2599.030029
22/11/2017;169.820587;1156.160034;138.556625;2597.080078
24/11/2017;169.830307;1186;138.620529;2602.419922
27/11/2017;168.976135;1195.829956;138.748352;2601.419922
28/11/2017;167.986099;1193.599976;139.195694;2627.040039
29/11/2017;164.501587;1161.27002;140.181656;2626.070068
30/11/2017;166.801956;1176.75;140.565094;2647.580078
01/12/2017;166.025436;1162.349976;141.286316;2642.219971
04/12/2017;164.812134;1133.949951;142.838348;2639.439941
05/12/2017;164.656845;1141.569946;141.824966;2629.570068
06/12/2017;164.04538;1152.349976;140.683792;2629.27002
07/12/2017;164.346298;1159.790039;140.199936;2636.97998
08/12/2017;164.394775;1162;141.331955;2651.5
11/12/2017;167.597855;1168.920044;141.879715;2659.98999
12/12/2017;166.656357;1165.079956;143.093948;2664.110107
13/12/2017;167.20961;1164.130005;140.51033;2662.850098
14/12/2017;167.161057;1174.26001;140.592499;2652.01001
15/12/2017;168.859665;1179.140015;139.223083;2675.810059
18/12/2017;171.237717;1190.579956;139.980835;2690.159912
19/12/2017;169.412903;1187.380005;139.889542;2681.469971
20/12/2017;169.2285;1177.619995;139.633896;2679.25
21/12/2017;169.86911;1174.76001;138.310165;2684.570068
22/12/2017;169.86911;1168.359985;139.223083;2683.340088
26/12/2017;165.559555;1176.76001;139.524353;2680.5
27/12/2017;165.588669;1182.26001;139.798248;2682.620117
28/12/2017;166.054581;1186.099976;140.629013;2687.540039
29/12/2017;164.258896;1169.469971;140.062988;2673.610107
02/01/2018;167.19989;1189.01001;140.82074;2695.810059
03/01/2018;167.170776;1204.199951;144.691605;2713.060059
04/01/2018;167.947266;1209.589966;147.622131;2723.98999
05/01/2018;169.859406;1229.140015;148.343353;2743.149902
08/01/2018;169.2285;1246.869995;149.238037;2747.709961
09/01/2018;169.209091;1252.699951;149.566681;2751.290039
10/01/2018;169.170258;1254.329956;149.886215;2748.22998
11/01/2018;170.13118;1276.680054;149.904495;2767.560059
12/01/2018;171.888031;1305.199951;148.936752;2786.23999
16/01/2018;171.014465;1304.859985;149.584946;2776.419922
17/01/2018;173.839005;1295;153.967041;2802.560059
18/01/2018;173.994293;1293.319946;154.396103;2798.030029
19/01/2018;173.217789;1294.579956;148.23378;2810.300049
22/01/2018;171.800674;1327.310059;148.443787;2832.969971
23/01/2018;171.839493;1362.540039;151.775986;2839.129883
24/01/2018;169.102325;1357.51001;150.972595;2837.540039
25/01/2018;166.083679;1377.949951;151.063889;2839.25
26/01/2018;166.471924;1402.050049;152.771103;2872.870117
29/01/2018;163.026215;1417.680054;152.278107;2853.530029
30/01/2018;162.065277;1437.819946;149.374954;2822.429932
31/01/2018;162.51178;1450.890015;149.447983;2823.810059
01/02/2018;162.851486;1390;148.261185;2821.97998
02/02/2018;155.78537;1429.949951;145.184555;2762.129883
05/02/2018;151.893127;1390;139.250473;2648.939941
06/02/2018;158.241013;1442.839966;141.815826;2695.139893
07/02/2018;154.853531;1416.780029;140.455566;2681.659912
08/02/2018;150.592499;1350.5;136.067184;2581
09/02/2018;152.434464;1339.599976;137.837296;2619.550049
12/02/2018;158.574326;1386.22998;139.579712;2656
13/02/2018;160.162903;1414.51001;138.980484;2662.939941
14/02/2018;163.115891;1451.050049;142.677399;2698.629883
15/02/2018;168.593033;1461.76001;143.829819;2731.199951
16/02/2018;168.047272;1448.689941;143.986526;2732.219971
20/02/2018;167.482025;1468.349976;143.046158;2716.26001
21/02/2018;166.721848;1482.920044;141.93988;2701.330078
22/02/2018;168.115509;1485.339966;141.220734;2703.959961
23/02/2018;171.039246;1500;143.378067;2747.300049
26/02/2018;174.421036;1521.949951;146.199188;2779.600098
27/02/2018;173.855804;1511.97998;144.327652;2744.280029
28/02/2018;173.592667;1512.449951;143.663864;2713.830078
01/03/2018;170.551941;1493.449951;141.801559;2677.669922
02/03/2018;171.731186;1500.25;142.428497;2691.25
05/03/2018;172.325714;1523.609985;144.696396;2720.939941
06/03/2018;172.179504;1537.640015;143.562454;2728.120117
07/03/2018;170.581207;1545;145.959488;2726.800049
08/03/2018;172.442642;1551.859985;144.014206;2738.969971
09/03/2018;175.405365;1578.890015;146.872162;2786.570068
12/03/2018;177.101135;1598.390015;147.748001;2783.02002
13/03/2018;175.39563;1588.180054;146.881378;2765.310059
14/03/2018;173.904495;1591;145.775085;2749.47998
15/03/2018;174.109161;1582.319946;147.148743;2747.330078
16/03/2018;173.495193;1571.680054;147.748001;2752.01001
19/03/2018;170.844345;1544.930054;145.065186;2712.919922
20/03/2018;170.785858;1586.51001;144.004959;2716.939941
21/03/2018;166.916748;1581.859985;144.456711;2711.929932
22/03/2018;164.558273;1544.920044;140.215836;2643.689941
23/03/2018;160.747635;1495.560059;137.265701;2588.26001
26/03/2018;168.378662;1555.859985;141.39592;2658.550049
27/03/2018;164.061218;1497.050049;140.049896;2612.620117
28/03/2018;162.24852;1431.420044;140.612289;2605
29/03/2018;163.515457;1447.339966;141.451233;2640.870117
02/04/2018;162.44342;1371.98999;138.353561;2581.879883
03/04/2018;164.10997;1392.050049;138.150757;2614.449951
04/04/2018;167.248123;1410.569946;142.087372;2644.689941
05/04/2018;168.407867;1451.75;142.004395;2662.840088
06/04/2018;164.100235;1405.22998;138.814545;2604.469971
09/04/2018;165.727783;1406.079956;140.769012;2613.159912
10/04/2018;168.846451;1436.219971;143.258224;2656.870117
11/04/2018;168.057022;1427.050049;143.230545;2642.189941
12/04/2018;169.713821;1448.5;145.728989;2663.98999
13/04/2018;170.288803;1430.790039;144.475174;2656.300049
16/04/2018;171.35112;1441.5;145.563034;2677.840088
17/04/2018;173.709595;1503.829956;148.34726;2706.389893
18/04/2018;173.319763;1527.839966;137.173492;2708.639893
19/04/2018;168.407867;1556.910034;136.168594;2693.129883
20/04/2018;161.507813;1527.48999;133.587204;2670.139893
23/04/2018;161.040039;1517.859985;134.47226;2670.290039
24/04/2018;158.798492;1460.089966;134.195679;2634.560059
25/04/2018;159.490433;1460.170044;134.546021;2639.399902
26/04/2018;160.045959;1517.959961;135.265091;2666.939941
27/04/2018;158.194244;1572.619995;135.043869;2669.909912
30/04/2018;161.059509;1566.130005;133.642532;2648.050049
01/05/2018;164.801895;1582.26001;133.679382;2654.800049
02/05/2018;172.082062;1569.680054;131.328491;2635.669922
03/05/2018;172.393906;1572.079956;130.904404;2629.72998
04/05/2018;179.157516;1580.949951;132.674469;2663.419922
07/05/2018;180.45372;1600.140015;132.038361;2672.629883
08/05/2018;181.321091;1592.390015;131.835556;2671.919922
09/05/2018;182.597794;1608;132.935486;2697.790039
10/05/2018;185.209671;1609.079956;134.45491;2723.070068
11/05/2018;184.505264;1602.910034;134.361694;2727.719971
14/05/2018;184.074799;1601.540039;134.510834;2730.129883
15/05/2018;182.40184;1576.119995;133.988831;2711.449951
16/05/2018;184.104141;1587.280029;134.818466;2722.459961
17/05/2018;182.939926;1581.76001;134.697266;2720.129883
18/05/2018;182.274643;1574.369995;134.305771;2712.969971
21/05/2018;183.566071;1585.459961;135.620132;2733.01001
22/05/2018;183.106216;1581.400024;135.247253;2724.439941
23/05/2018;184.280273;1601.859985;134.855743;2733.290039
24/05/2018;184.074799;1603.069946;134.296448;2727.76001
25/05/2018;184.495499;1610.150024;133.895599;2721.330078
29/05/2018;183.830231;1612.869995;131.639786;2689.860107
30/05/2018;183.438889;1624.890015;132.944809;2724.01001
31/05/2018;182.82251;1629.619995;131.723679;2705.27002
01/06/2018;186.119507;1641.540039;132.320251;2734.620117
04/06/2018;187.675095;1665.27002;133.336304;2746.870117
05/06/2018;189.123032;1696.349976;133.951523;2748.800049
06/06/2018;189.778519;1695.75;134.893021;2772.350098
07/06/2018;189.269806;1689.300049;135.498932;2770.370117
08/06/2018;187.547913;1683.98999;136.226013;2779.030029
11/06/2018;187.088089;1689.119995;136.636169;2782
12/06/2018;188.115341;1698.75;136.906464;2786.850098
13/06/2018;186.569565;1704.859985;136.421783;2775.629883
14/06/2018;186.667404;1723.859985;135.349777;2782.48999
15/06/2018;184.749863;1715.969971;135.526886;2779.659912
18/06/2018;184.652008;1723.790039;134.678619;2773.75
19/06/2018;181.668076;1734.780029;134.137955;2762.590088
20/06/2018;182.460541;1750.079956;132.954132;2767.320068
21/06/2018;181.443069;1730.219971;131.66774;2749.76001
22/06/2018;180.914749;1715.670044;131.695709;2754.879883
25/06/2018;178.224304;1663.150024;129.374619;2717.070068
26/06/2018;180.435379;1691.089966;129.644943;2723.060059
27/06/2018;180.171219;1660.51001;128.153488;2699.629883
28/06/2018;181.482208;1701.449951;130.53981;2716.310059
29/06/2018;181.100647;1699.800049;130.2229;2718.370117
02/07/2018;183.125809;1713.780029;130.37204;2726.709961
03/07/2018;179.936417;1693.959961;130.101715;2713.219971
05/07/2018;181.384354;1699.72998;131.835541;2736.610107
06/07/2018;183.898682;1710.630005;132.814301;2759.820068
09/07/2018;186.452164;1739.02002;134.594742;2784.169922
10/07/2018;186.227173;1743.069946;134.893021;2793.840088
11/07/2018;183.810638;1755;135.107422;2774.02002
12/07/2018;186.89241;1796.619995;136.514984;2798.290039
13/07/2018;187.185898;1813.030029;136.002289;2801.310059
16/07/2018;186.775024;1822.48999;135.592148;2798.429932
17/07/2018;187.303299;1843.930054;133.755768;2809.550049
18/07/2018;186.276047;1842.920044;134.715912;2815.620117
19/07/2018;187.72403;1812.969971;139.115723;2804.48999
20/07/2018;187.293564;1813.699951;136.421783;2801.830078
23/07/2018;187.459839;1802;135.815857;2806.97998
24/07/2018;188.819748;1829.23999;136.449722;2820.399902
25/07/2018;190.600342;1863.609985;136.673431;2846.070068
26/07/2018;190.00354;1808;136.757355;2837.439941
27/07/2018;186.843521;1817.27002;135.303177;2818.820068
30/07/2018;185.796677;1779.219971;135.620132;2802.600098
31/07/2018;186.168427;1777.439941;135.098114;2816.290039
01/08/2018;197.135651;1797.170044;133.765106;2813.360107
02/08/2018;202.898071;1834.329956;133.261749;2827.219971
03/08/2018;203.485062;1823.290039;137.680191;2840.350098
06/08/2018;204.541672;1847.75;136.123474;2850.399902
07/08/2018;202.62413;1862.47998;137.037003;2858.449951
08/08/2018;202.761124;1886.52002;136.92514;2857.699951
09/08/2018;204.355804;1898.52002;136.406921;2853.580078
10/08/2018;203.747101;1886.300049;136.133652;2833.280029
13/08/2018;205.062668;1896.199951;134.465912;2821.929932
14/08/2018;205.926666;1919.650024;135.078354;2839.959961
15/08/2018;206.407715;1882.619995;135.596573;2818.370117
16/08/2018;209.43158;1886.52002;136.943985;2840.689941
17/08/2018;213.613892;1882.219971;137.622406;2850.129883
20/08/2018;211.532562;1876.709961;138.046387;2857.050049
21/08/2018;211.120209;1883.420044;137.537582;2862.959961
22/08/2018;211.130035;1904.900024;136.849777;2861.820068
23/08/2018;211.562012;1902.900024;136.972244;2856.97998
24/08/2018;212.219803;1905.390015;137.603531;2874.689941
27/08/2018;213.967346;1927.680054;138.215988;2896.73999
28/08/2018;215.695267;1932.819946;138.121765;2897.52002
29/08/2018;218.915482;1998.099976;139.016876;2914.040039
30/08/2018;220.928101;2002.380005;137.499893;2901.129883
31/08/2018;223.480713;2012.709961;138.018112;2901.52002
04/09/2018;224.197418;2039.51001;137.264313;2896.719971
05/09/2018;222.734589;1994.819946;138.187729;2888.600098
06/09/2018;219.03331;1958.310059;137.933334;2878.050049
07/09/2018;217.266113;1952.069946;137.047623;2871.679932
10/09/2018;214.350235;1939.01001;137.236069;2877.129883
11/09/2018;219.769638;1987.150024;138.027542;2887.889893
12/09/2018;217.040298;1990;138.102936;2888.919922
13/09/2018;222.282959;1989.869995;140.345428;2904.179932
14/09/2018;219.759811;1970.189941;139.761246;2904.97998
17/09/2018;213.908447;1908.030029;139.393784;2888.800049
18/09/2018;214.261887;1941.050049;139.977982;2904.310059
19/09/2018;214.389496;1926.420044;140.449081;2907.949951
20/09/2018;216.019272;1944.300049;142.41835;2930.75
21/09/2018;213.692459;1915.01001;142.606812;2929.669922
24/09/2018;216.765396;1934.359985;141.363037;2919.370117
25/09/2018;218.139877;1974.550049;140.30777;2915.560059
26/09/2018;216.402145;1974.849976;142.851776;2905.969971
27/09/2018;220.849579;2012.97998;142.748138;2914
28/09/2018;221.625168;2003;142.474899;2913.97998
01/10/2018;223.117462;2004.359985;144.161469;2924.590088
02/10/2018;225.100647;1971.310059;144.868149;2923.429932
03/10/2018;227.839798;1952.76001;144.368744;2925.51001
04/10/2018;223.834167;1909.420044;142.569092;2901.610107
05/10/2018;220.201599;1889.650024;140.420822;2885.570068
08/10/2018;219.691101;1864.420044;139.817764;2884.429932
09/10/2018;222.734589;1870.319946;138.734222;2880.340088
10/10/2018;212.416153;1755.25;134.447052;2785.679932
11/10/2018;210.54097;1719.359985;130.989075;2728.370117
12/10/2018;218.06134;1788.609985;132.713348;2767.129883
15/10/2018;213.397919;1760.949951;132.977203;2750.790039
16/10/2018;218.100601;1819.959961;136.736679;2809.919922
17/10/2018;217.158112;1831.72998;126.306183;2809.209961
18/10/2018;212.082352;1770.719971;123.008369;2768.780029
19/10/2018;215.312363;1764.030029;121.642143;2767.780029
22/10/2018;216.627945;1789.300049;122.508987;2755.879883
23/10/2018;218.670029;1768.699951;123.630249;2740.689941
24/10/2018;211.169296;1664.199951;119.861313;2656.100098
25/10/2018;215.793457;1782.170044;119.145218;2705.570068
26/10/2018;212.357239;1642.810059;117.581116;2658.689941
29/10/2018;208.371262;1538.880005;112.728622;2641.25
30/10/2018;209.411926;1530.420044;108.733559;2682.629883
31/10/2018;214.87059;1598.01001;108.761826;2711.73999
01/11/2018;218.169342;1665.530029;110.080948;2740.370117
02/11/2018;203.697998;1665.530029;108.987953;2723.060059
05/11/2018;197.915375;1627.800049;113.124352;2738.310059
06/11/2018;200.055649;1642.810059;116.007591;2755.449951
07/11/2018;206.122986;1755.48999;117.62822;2813.889893
08/11/2018;205.403809;1754.910034;117.733185;2806.830078
09/11/2018;201.443298;1712.430054;117.885872;2781.01001
12/11/2018;191.295761;1636.849976;115.366692;2726.219971
13/11/2018;189.384476;1631.170044;115.309433;2722.179932
14/11/2018;184.034882;1599.01001;114.69873;2701.580078
15/11/2018;188.57663;1619.439941;115.881989;2730.199951
16/11/2018;190.665237;1593.410034;116.006027;2736.27002
19/11/2018;183.10878;1512.290039;114.803696;2690.72998
20/11/2018;174.360245;1495.459961;111.836029;2641.889893
21/11/2018;174.163193;1516.72998;113.143333;2649.929932
23/11/2018;169.739655;1502.060059;111.826492;2632.560059
26/11/2018;172.035172;1581.329956;114.08802;2673.449951
27/11/2018;171.660797;1581.420044;114.536507;2682.169922
28/11/2018;178.261627;1677.75;117.370583;2743.790039
29/11/2018;176.892197;1673.569946;115.920151;2737.800049
30/11/2018;175.936554;1690.170044;118.582451;2760.169922
03/12/2018;182.084183;1772.359985;119.574867;2790.370117
04/12/2018;174.074539;1668.400024;116.034653;2700.060059
06/12/2018;172.133682;1699.189941;118.238937;2695.949951
07/12/2018;165.995926;1629.130005;113.87809;2633.080078
10/12/2018;167.089478;1641.030029;115.586166;2637.719971
11/12/2018;166.13385;1643.23999;115.357147;2636.780029
12/12/2018;166.596878;1663.540039;115.614792;2651.070068
13/12/2018;168.419479;1658.380005;115.204483;2650.540039
14/12/2018;163.030457;1591.910034;114.41246;2599.949951
17/12/2018;161.51326;1520.910034;110.786377;2545.939941
18/12/2018;163.61174;1551.47998;111.311211;2546.159912
19/12/2018;158.508408;1495.079956;111.10128;2506.959961
20/12/2018;154.508499;1460.829956;107.847336;2467.419922
21/12/2018;148.498795;1377.449951;105.862541;2416.620117
24/12/2018;144.65654;1343.959961;102.646774;2351.100098
26/12/2018;154.843475;1470.900024;106.291939;2467.699951
27/12/2018;153.838562;1461.640015;108.572556;2488.830078
28/12/2018;153.917389;1478.02002;107.85688;2485.73999
31/12/2018;155.405045;1501.969971;108.46759;2506.850098
02/01/2019;155.582367;1539.130005;109.937111;2510.030029
03/01/2019;140.08522;1500.280029;107.742371;2447.889893
04/01/2019;146.065353;1575.390015;111.950539;2531.939941
07/01/2019;145.740265;1629.51001;112.742554;2549.689941
08/01/2019;148.518509;1656.579956;114.345657;2574.409912
09/01/2019;151.040604;1659.420044;115.166306;2584.959961
10/01/2019;151.523376;1656.219971;116.215958;2596.639893
11/01/2019;150.035706;1640.560059;115.901062;2596.26001
14/01/2019;147.779602;1617.209961;114.880035;2582.610107
15/01/2019;150.804169;1674.560059;116.158714;2610.300049
16/01/2019;152.646484;1683.780029;116.053741;2616.100098
17/01/2019;153.552872;1693.219971;116.597656;2635.959961
18/01/2019;154.498657;1696.199951;118.153053;2670.709961
22/01/2019;151.030777;1632.170044;116.912544;2632.899902
23/01/2019;151.641586;1640.02002;126.80793;2638.699951
24/01/2019;150.439636;1654.930054;126.464409;2642.330078
25/01/2019;155.424744;1670.569946;127.838509;2664.76001
28/01/2019;153.986359;1637.890015;128.124802;2643.850098
29/01/2019;152.39032;1593.880005;128.182022;2640
30/01/2019;162.803864;1670.430054;128.229752;2681.050049
31/01/2019;163.976242;1718.72998;128.267914;2704.100098
01/02/2019;164.055069;1626.22998;127.96257;2706.530029
04/02/2019;168.715042;1633.310059;129.00267;2724.870117
05/02/2019;171.601685;1658.810059;129.346191;2737.699951
06/02/2019;171.660797;1640.26001;130.080963;2731.610107
07/02/2019;168.409653;1614.369995;128.575012;2706.050049
08/02/2019;168.607529;1588.219971;129.076996;2707.879883
11/02/2019;167.637878;1591;129.347305;2709.800049
12/02/2019;169.082443;1638.01001;131.335922;2744.72998
13/02/2019;168.379944;1640;132.75499;2753.030029
14/02/2019;168.993408;1622.650024;131.751007;2745.72998
15/02/2019;168.617432;1607.949951;133.247314;2775.600098
19/02/2019;169.122009;1627.579956;133.894089;2779.76001
20/02/2019;170.210388;1622.099976;133.218353;2784.699951
21/02/2019;169.250656;1619.439941;133.063904;2774.879883
22/02/2019;171.140442;1631.560059;134.425049;2792.669922
25/02/2019;172.387115;1633;134.627762;2796.110107
26/02/2019;172.486053;1636.400024;134.878738;2793.899902
27/02/2019;173.02034;1641.089966;134.347809;2792.379883
28/02/2019;171.318542;1639.829956;133.343857;2784.48999
01/03/2019;173.119278;1671.72998;134.376755;2803.689941
04/03/2019;173.98999;1696.170044;133.633453;2792.810059
05/03/2019;173.67337;1692.430054;133.102509;2789.649902
06/03/2019;172.674057;1668.949951;132.233688;2771.449951
07/03/2019;170.675415;1625.949951;130.66983;2748.929932
08/03/2019;171.081085;1620.800049;130.40918;2743.070068
11/03/2019;177.007706;1670.619995;132.938416;2783.300049
12/03/2019;178.996475;1673.099976;133.488647;2791.52002
13/03/2019;179.787994;1690.810059;133.758942;2810.919922
14/03/2019;181.786621;1686.219971;133.980972;2808.47998
15/03/2019;184.151337;1712.359985;134.598785;2822.47998
18/03/2019;186.031265;1742.150024;135.351776;2832.939941
19/03/2019;184.557022;1761.849976;135.62207;2832.570068
20/03/2019;186.169785;1797.27002;134.762924;2824.22998
21/03/2019;193.026459;1819.26001;136.539154;2854.879883
22/03/2019;189.029205;1764.77002;134.618103;2800.709961
25/03/2019;186.743637;1774.26001;134.357468;2798.360107
26/03/2019;184.814255;1783.76001;135.361435;2818.459961
27/03/2019;186.476486;1765.699951;134.41539;2805.370117
28/03/2019;186.723846;1773.420044;135.071823;2815.439941
29/03/2019;187.940842;1780.75;136.210953;2834.399902
01/04/2019;189.217209;1814.189941;138.334717;2867.189941
02/04/2019;191.967804;1813.97998;138.045105;2867.23999
03/04/2019;193.283737;1820.699951;138.653275;2873.399902
04/04/2019;193.620117;1818.859985;137.832718;2879.389893
05/04/2019;194.91626;1837.280029;138.315414;2892.73999
08/04/2019;197.983475;1849.859985;138.4216;2895.77002
09/04/2019;197.389832;1835.839966;137.185944;2878.199951
10/04/2019;198.497971;1847.329956;138.064407;2888.209961
11/04/2019;196.845642;1844.069946;138.79808;2888.320068
12/04/2019;196.766495;1843.060059;139.348328;2907.409912
15/04/2019;197.122681;1844.869995;138.91391;2905.580078
16/04/2019;197.142471;1863.040039;140.110962;2907.060059
17/04/2019;200.981445;1864.819946;134.289902;2900.449951
18/04/2019;201.70372;1861.689941;135.467621;2905.030029
22/04/2019;202.366638;1887.310059;134.077515;2907.969971
23/04/2019;205.285416;1923.77002;135.573807;2933.679932
24/04/2019;204.968811;1901.75;135.100769;2927.25
25/04/2019;203.108704;1902.25;133.826523;2926.169922
26/04/2019;202.139069;1950.630005;134.608459;2939.879883
29/04/2019;202.445786;1938.430054;134.231979;2943.030029
30/04/2019;198.547455;1926.52002;135.409698;2945.830078
01/05/2019;208.293274;1911.52002;135.689636;2923.72998
02/05/2019;206.937759;1900.819946;134.75325;2917.52002
03/05/2019;209.510269;1962.459961;135.390396;2945.639893
06/05/2019;206.274857;1950.550049;135.515884;2932.469971
07/05/2019;200.714294;1921;132.870834;2884.050049
08/05/2019;200.75386;1917.77002;133.218353;2879.419922
09/05/2019;198.596924;1899.869995;132.202454;2870.719971
10/05/2019;195.845673;1889.97998;132.182938;2881.399902
13/05/2019;184.463242;1822.680054;128.373337;2811.870117
14/05/2019;187.383331;1840.119995;130.219513;2834.409912
15/05/2019;189.628036;1871.150024;131.284241;2850.959961
16/05/2019;188.793732;1907.569946;132.72995;2876.320068
17/05/2019;187.721039;1869;131.206116;2859.530029
20/05/2019;181.851028;1858.969971;131.987564;2840.22998
21/05/2019;185.33728;1857.52002;133.286728;2864.360107
22/05/2019;181.543121;1859.680054;133.189056;2856.27002
23/05/2019;178.444244;1815.47998;129.320847;2822.23999
24/05/2019;177.758911;1823.280029;129.213394;2826.060059
28/05/2019;177.023911;1836.430054;127.435608;2802.389893
29/05/2019;176.179657;1819.189941;126.683449;2783.02002
30/05/2019;177.093445;1816.319946;126.566223;2788.860107
31/05/2019;173.8853;1775.069946;124.046028;2752.060059
03/06/2019;172.127274;1692.689941;125.296364;2744.449951
04/06/2019;178.424377;1729.560059;129.613907;2803.27002
05/06/2019;181.304733;1738.5;128.441727;2826.149902
06/06/2019;183.966614;1754.359985;129.154785;2843.48999
07/06/2019;188.863251;1804.030029;130.219513;2873.340088
10/06/2019;191.27681;1860.630005;131.616364;2886.72998
11/06/2019;193.491714;1863.699951;132.798325;2885.719971
12/06/2019;192.875916;1855.319946;131.743347;2879.840088
13/06/2019;192.836166;1870.300049;132.612717;2891.639893
14/06/2019;191.43573;1869.670044;132.016861;2886.97998
17/06/2019;192.577942;1886.030029;131.821503;2889.669922
18/06/2019;197.107086;1901.369995;133.218353;2917.75
19/06/2019;196.531006;1908.790039;133.902115;2926.459961
20/06/2019;198.110245;1918.189941;135.631088;2954.179932
21/06/2019;197.434845;1911.300049;135.972961;2950.459961
24/06/2019;197.236206;1913.900024;136.119507;2945.350098
25/06/2019;194.246582;1878.27002;135.152451;2917.379883
26/06/2019;198.447952;1897.829956;135.308746;2913.780029
27/06/2019;198.388367;1904.280029;135.308746;2924.919922
28/06/2019;196.580658;1893.630005;134.70311;2941.76001
01/07/2019;200.186111;1922.189941;136.637207;2964.330078
02/07/2019;201.358109;1934.310059;136.96933;2973.01001
03/07/2019;203.026749;1939;138.258713;2995.820068
05/07/2019;202.847961;1942.910034;138.102448;2990.409912
08/07/2019;198.666458;1952.319946;137.311218;2975.949951
09/07/2019;199.87822;1988.300049;136.09996;2979.629883
10/07/2019;201.854736;2017.410034;137.213531;2993.070068
11/07/2019;200.38475;2001.069946;137.965698;2999.909912
12/07/2019;201.924271;2011;139.430908;3013.77002
15/07/2019;203.82135;2020.98999;139.997482;3014.300049
16/07/2019;203.116135;2009.900024;140.202591;3004.040039
17/07/2019;201.973923;1992.030029;139.753265;2984.419922
18/07/2019;204.268295;1977.900024;146.161179;2995.110107
19/07/2019;201.21907;1964.52002;146.210007;2976.610107
22/07/2019;205.817734;1985.630005;146.268631;2985.030029
23/07/2019;207.426758;1994.48999;146.893799;3005.469971
24/07/2019;207.257935;2000.810059;146.551895;3019.560059
25/07/2019;205.619095;1973.819946;146.903564;3003.669922
26/07/2019;206.334213;1943.050049;147.851074;3025.860107
29/07/2019;208.261078;1912.449951;147.382202;3020.969971
30/07/2019;207.367172;1898.530029;146.297943;3013.179932
31/07/2019;211.598358;1866.780029;144.803421;2980.379883
01/08/2019;207.019531;1855.319946;146.83519;2953.560059
02/08/2019;202.639389;1823.23999;143.836349;2932.050049
05/08/2019;192.031647;1765.130005;137.496811;2844.73999
06/08/2019;195.666885;1787.829956;137.467499;2881.77002
07/08/2019;197.693085;1793.400024;135.885056;2883.97998
08/08/2019;202.053375;1832.890015;138.4646;2938.090088
09/08/2019;200.388382;1807.579956;134.540939;2918.649902
12/08/2019;199.879898;1784.920044;132.554398;2882.699951
13/08/2019;208.344498;1824.339966;134.204895;2926.320068
14/08/2019;202.143112;1762.959961;129.717896;2840.600098
15/08/2019;201.136139;1776.119995;130.380081;2847.600098
16/08/2019;205.881882;1792.569946;132.198593;2888.679932
19/08/2019;209.720367;1816.119995;133.463654;2923.649902
20/08/2019;209.730331;1801.380005;131.447464;2900.51001
21/08/2019;212.00351;1823.540039;132.682877;2924.429932
22/08/2019;211.824051;1804.660034;132.752075;2922.949951
23/08/2019;202.033447;1749.619995;128.05751;2847.110107
26/08/2019;205.871918;1768.869995;128.47261;2878.379883
27/08/2019;203.548889;1761.829956;129.638824;2869.159912
28/08/2019;204.914795;1764.25;131.210266;2887.939941
29/08/2019;208.384369;1786.400024;133.305527;2924.580078
30/08/2019;208.115189;1776.290039;133.947937;2926.459961
03/09/2019;205.084274;1789.839966;132.534637;2906.27002
04/09/2019;208.563843;1800.619995;134.728729;2937.780029
05/09/2019;212.641586;1840.719971;139.324432;2976
06/09/2019;212.621643;1833.51001;138.929108;2978.709961
09/09/2019;213.528931;1831.349976;140.93541;2978.429932
10/09/2019;216.051346;1820.550049;143.356812;2979.389893
11/09/2019;222.920731;1822.98999;141.923737;3000.929932
12/09/2019;222.422226;1843.550049;141.943497;3009.570068
13/09/2019;218.095215;1839.339966;141.99292;3007.389893
16/09/2019;219.241776;1807.839966;140.816803;2997.959961
17/09/2019;220.039383;1822.550049;140.54007;3005.699951
18/09/2019;222.103195;1817.459961;140.559845;3006.72998
19/09/2019;220.298615;1821.5;141.301086;3006.790039
20/09/2019;217.078262;1794.160034;140.223816;2992.070068
23/09/2019;218.065308;1785.300049;140.411606;2991.780029
24/09/2019;217.028412;1741.609985;140.026138;2966.600098
25/09/2019;220.368393;1768.329956;141.488876;2984.870117
26/09/2019;219.231812;1739.839966;141.874329;2977.620117
27/09/2019;218.165024;1725.449951;141.567947;2961.790039
30/09/2019;223.299591;1735.910034;143.722488;2976.73999
01/10/2019;223.91774;1735.650024;141.983032;2940.25
02/10/2019;218.304596;1713.22998;140.036026;2887.610107
03/10/2019;220.159027;1724.420044;140.362183;2910.629883
04/10/2019;226.33049;1739.650024;141.320862;2952.01001
07/10/2019;226.380341;1732.660034;139.630814;2938.790039
08/10/2019;223.728302;1705.51001;136.764679;2893.060059
09/10/2019;226.350433;1721.98999;138.039612;2919.399902
10/10/2019;229.401276;1720.26001;139.482574;2938.129883
11/10/2019;235.50296;1731.920044;141.093536;2970.27002
14/10/2019;235.163971;1736.430054;140.381943;2966.149902
15/10/2019;234.615631;1767.380005;141.330734;2995.679932
16/10/2019;233.668457;1777.430054;140.451126;2989.689941
17/10/2019;234.575745;1787.47998;132.692764;2997.949951
18/10/2019;235.702362;1757.51001;132.52475;2986.199951
21/10/2019;239.790085;1785.660034;131.032379;3006.719971
22/10/2019;239.241745;1765.72998;132.396271;2995.98999
23/10/2019;242.452087;1762.170044;132.811371;3004.52002
24/10/2019;242.850891;1780.780029;132.50499;3010.290039
25/10/2019;245.841919;1761.329956;133.858994;3022.550049
28/10/2019;248.30452;1777.079956;134.382797;3039.419922
29/10/2019;242.561752;1762.709961;132.257904;3036.889893
30/10/2019;242.531845;1779.98999;133.671204;3046.77002
31/10/2019;248.015381;1776.660034;132.168945;3037.560059
01/11/2019;255.05426;1791.439941;133.947937;3066.909912
04/11/2019;256.729218;1804.660034;136.062958;3078.27002
05/11/2019;256.360352;1801.709961;136.280396;3074.620117
06/11/2019;256.470001;1795.77002;137.160004;3076.780029
07/11/2019;259.429993;1788.199951;137.690002;3085.179932
08/11/2019;260.140015;1785.880005;137.610001;3093.080078
11/11/2019;262.200012;1771.650024;135.470001;3087.01001
12/11/2019;261.959991;1778;135.589996;3091.840088
13/11/2019;264.470001;1753.109985;134.479996;3094.040039
14/11/2019;262.640015;1754.599976;134;3096.629883
15/11/2019;265.76001;1739.48999;134.399994;3120.459961
18/11/2019;267.100006;1752.530029;134.309998;3122.030029
19/11/2019;266.290009;1752.790039;134.520004;3120.179932
20/11/2019;263.190002;1745.530029;133.199997;3108.459961
21/11/2019;262.01001;1734.709961;133.839996;3103.540039
22/11/2019;261.779999;1745.719971;134.339996;3110.290039
25/11/2019;266.369995;1773.839966;135.970001;3133.639893
26/11/2019;264.290009;1796.939941;135.089996;3140.52002
27/11/2019;267.839996;1818.51001;133.770004;3153.629883
29/11/2019;267.25;1800.800049;134.449997;3140.97998
02/12/2019;264.160004;1781.599976;132.910004;3113.870117
03/12/2019;259.450012;1769.959961;132.119995;3093.199951
04/12/2019;261.73999;1760.689941;131.990005;3112.76001
05/12/2019;265.579987;1740.47998;131.910004;3117.429932
06/12/2019;270.709991;1751.599976;133.220001;3145.909912
09/12/2019;266.920013;1749.51001;133.919998;3135.959961
10/12/2019;268.480011;1739.209961;133.910004;3132.52002
11/12/2019;270.769989;1748.719971;133.759995;3141.629883
12/12/2019;271.459991;1760.329956;135.320007;3168.570068
13/12/2019;275.149994;1760.939941;134.210007;3168.800049
16/12/2019;279.859985;1769.209961;134.130005;3191.449951
17/12/2019;280.410004;1790.660034;134.220001;3192.52002
18/12/2019;279.73999;1784.030029;134.410004;3191.139893
19/12/2019;280.019989;1792.280029;134.559998;3205.370117
20/12/2019;279.440002;1786.5;135.589996;3221.219971
23/12/2019;284;1793;135.550003;3224.01001
24/12/2019;284.269989;1789.209961;134.979996;3223.379883
26/12/2019;289.910004;1868.77002;134.910004;3239.909912
27/12/2019;289.799988;1869.800049;135.270004;3240.02002
30/12/2019;291.519989;1846.890015;132.809998;3221.290039
